{
  "alpha_baseline": 0.73750429732858,
  "delta": 0.30317713813205244,
  "tau": 49.99999999224947,
  "r_squared": 0.039035713130031624,
  "alpha_baseline_ci95": 7.852699398237027,
  "delta_ci95": 7.289688024330454,
  "tau_ci95": 2132.340546155636,
  "n_points": 21
}