{
  "task": "r1_multiprompt_attention",
  "model_id": "Qwen/Qwen2.5-0.5B",
  "n_params_b": 0.494032768,
  "n_layers": 24,
  "n_heads": 14,
  "n_prompts": 5,
  "gqa": {
    "detected": true,
    "num_kv_heads": 2,
    "gqa_ratio": 7
  },
  "overall": {
    "head_agreement_mean": 0.43083333333333335,
    "head_agreement_ci_lower": 0.3983333333333333,
    "head_agreement_ci_upper": 0.46416666666666667,
    "cosine_similarity_mean": 0.9479736328125,
    "cosine_similarity_ci_lower": 0.9296385192871094,
    "cosine_similarity_ci_upper": 0.9643273417154947
  },
  "early_layers": {
    "range": "0-7",
    "head_agreement_mean": 0.39,
    "head_agreement_ci_lower": 0.3375,
    "head_agreement_ci_upper": 0.44499999999999995,
    "cosine_similarity_mean": 0.901568603515625,
    "cosine_similarity_ci_lower": 0.8587998962402345,
    "cosine_similarity_ci_upper": 0.9406015014648437
  },
  "late_layers": {
    "range": "16-23",
    "head_agreement_mean": 0.45500000000000007,
    "head_agreement_ci_lower": 0.4025,
    "head_agreement_ci_upper": 0.5125,
    "cosine_similarity_mean": 0.95189208984375,
    "cosine_similarity_ci_lower": 0.9241018676757813,
    "cosine_similarity_ci_upper": 0.9768499755859376
  },
  "wilcoxon_test": {
    "head_agreement": {
      "statistic": 176.0,
      "p_value": 0.06112689787676552,
      "effect_size_r": 0.32503573563691446,
      "significant_005": false,
      "n_pairs": 40
    },
    "cosine_similarity": {
      "statistic": 266.5,
      "p_value": 0.05374433243205067,
      "effect_size_r": 0.30497419441529683,
      "significant_005": false,
      "n_pairs": 40
    }
  },
  "per_prompt": [
    {
      "label": "Travel Planning",
      "head_agreement_per_layer": [
        0.3,
        0.2,
        0.5,
        0.5,
        0.4,
        0.6000000000000001,
        0.30000000000000004,
        0.5,
        0.6000000000000001,
        0.6,
        0.5,
        0.6,
        0.6000000000000001,
        0.6,
        0.4,
        0.7,
        0.7,
        0.8,
        0.5,
        0.5,
        0.5,
        0.30000000000000004,
        0.6,
        0.4
      ],
      "cosine_similarity_per_layer": [
        0.734375,
        0.765869140625,
        0.79736328125,
        0.998779296875,
        0.993896484375,
        0.995361328125,
        0.993896484375,
        0.9990234375,
        0.970703125,
        0.99755859375,
        0.993408203125,
        0.99609375,
        0.98828125,
        0.995849609375,
        0.9873046875,
        0.991943359375,
        0.9990234375,
        0.998291015625,
        0.998779296875,
        0.995361328125,
        0.997314453125,
        0.99951171875,
        0.8046875,
        0.80029296875
      ],
      "mean_head_agreement": 0.5083333333333334,
      "mean_cosine_similarity": 0.94970703125
    },
    {
      "label": "Code Debugging",
      "head_agreement_per_layer": [
        0.2,
        0.1,
        0.3,
        0.30000000000000004,
        0.2,
        0.2,
        0.2,
        0.2,
        0.2,
        0.30000000000000004,
        0.2,
        0.30000000000000004,
        0.2,
        0.2,
        0.2,
        0.2,
        0.2,
        0.30000000000000004,
        0.2,
        0.2,
        0.30000000000000004,
        0.5,
        0.2,
        0.30000000000000004
      ],
      "cosine_similarity_per_layer": [
        0.63525390625,
        0.66064453125,
        0.6455078125,
        0.9970703125,
        0.98681640625,
        0.991943359375,
        0.989990234375,
        0.998291015625,
        0.96484375,
        0.997314453125,
        0.99072265625,
        0.99365234375,
        0.987548828125,
        0.99462890625,
        0.9833984375,
        0.992431640625,
        0.999755859375,
        0.99755859375,
        0.99853515625,
        0.994873046875,
        0.9931640625,
        0.999267578125,
        0.712890625,
        0.712890625
      ],
      "mean_head_agreement": 0.23750000000000004,
      "mean_cosine_similarity": 0.9257914225260416
    },
    {
      "label": "Medical Consultation",
      "head_agreement_per_layer": [
        0.2,
        0.2,
        0.3,
        0.30000000000000004,
        0.4,
        0.5,
        0.4,
        0.6,
        0.4,
        0.30000000000000004,
        0.30000000000000004,
        0.30000000000000004,
        0.5,
        0.2,
        0.4,
        0.30000000000000004,
        0.4,
        0.4,
        0.4,
        0.2,
        0.4,
        0.4,
        0.30000000000000004,
        0.4
      ],
      "cosine_similarity_per_layer": [
        0.666015625,
        0.74267578125,
        0.74169921875,
        0.9970703125,
        0.99169921875,
        0.995361328125,
        0.993896484375,
        0.998291015625,
        0.968994140625,
        0.998046875,
        0.9921875,
        0.99609375,
        0.986572265625,
        0.99560546875,
        0.976806640625,
        0.99462890625,
        1.0,
        0.99853515625,
        0.998779296875,
        0.9951171875,
        0.994384765625,
        0.9990234375,
        0.84130859375,
        0.849365234375
      ],
      "mean_head_agreement": 0.3541666666666667,
      "mean_cosine_similarity": 0.9463399251302084
    },
    {
      "label": "Financial Analysis",
      "head_agreement_per_layer": [
        0.3,
        0.6000000000000001,
        0.6000000000000001,
        0.7,
        0.7,
        0.5,
        0.5,
        0.8,
        0.8,
        0.8,
        0.5,
        0.6000000000000001,
        0.6000000000000001,
        0.5,
        0.8,
        0.9,
        0.8,
        0.9,
        0.6,
        0.5,
        0.6,
        0.5,
        0.7,
        0.7
      ],
      "cosine_similarity_per_layer": [
        0.838623046875,
        0.88330078125,
        0.87109375,
        0.999755859375,
        0.9970703125,
        0.998291015625,
        0.99755859375,
        1.0,
        0.9853515625,
        0.9990234375,
        0.99755859375,
        0.998046875,
        0.993896484375,
        0.997314453125,
        0.992431640625,
        0.996826171875,
        1.00048828125,
        0.999267578125,
        0.99951171875,
        0.997802734375,
        0.99951171875,
        1.0,
        0.904296875,
        0.91796875
      ],
      "mean_head_agreement": 0.6458333333333334,
      "mean_cosine_similarity": 0.973541259765625
    },
    {
      "label": "General Conversation",
      "head_agreement_per_layer": [
        0.2,
        0.2,
        0.4,
        0.5,
        0.4,
        0.5,
        0.30000000000000004,
        0.5,
        0.4,
        0.4,
        0.30000000000000004,
        0.5,
        0.30000000000000004,
        0.6000000000000001,
        0.5,
        0.30000000000000004,
        0.4,
        0.7,
        0.6,
        0.30000000000000004,
        0.4,
        0.30000000000000004,
        0.4,
        0.4
      ],
      "cosine_similarity_per_layer": [
        0.697265625,
        0.74609375,
        0.74658203125,
        0.998291015625,
        0.9912109375,
        0.99560546875,
        0.992919921875,
        0.998291015625,
        0.970947265625,
        0.997802734375,
        0.993408203125,
        0.99658203125,
        0.98876953125,
        0.99560546875,
        0.987548828125,
        0.99267578125,
        0.999267578125,
        0.998291015625,
        0.99853515625,
        0.995361328125,
        0.99560546875,
        0.999267578125,
        0.795166015625,
        0.796630859375
      ],
      "mean_head_agreement": 0.4083333333333334,
      "mean_cosine_similarity": 0.944488525390625
    }
  ],
  "per_layer": [
    {
      "layer": 0,
      "head_agreement_mean": 0.24,